{"2cf4486f69ce5df26465d106a9087260.otf":"2cf4486f69ce5df26465d106a9087260","4aa7508024faa6a44b37a8913e51b84c.ttf":"4aa7508024faa6a44b37a8913e51b84c","8a322e93f834c2246a9ca55b8074cec5.ttf":"8a322e93f834c2246a9ca55b8074cec5","AppListColorful.chunk.css":"9622ca8281e556f4fc6c97d3c27db8eb","AppListColorful.chunk.js":"f511db549f979d1f9b25fd13d4809e52","a81aeaf5787cce11c9e781e4bf4c6b34.woff":"a81aeaf5787cce11c9e781e4bf4c6b34","acfc9e748876e2a0cc4006098078f5bd.eot":"acfc9e748876e2a0cc4006098078f5bd","activity-dialog.chunk.css":"38a1e8f6cba5a430f4dc95ef6a07dd03","activity-dialog.chunk.js":"3a8db96a19c22cd6ef2ba8df677c02be","activity-dialog.html":"f14e0f0da72dcc3c0394d56f8e63d1b3","activity-dialog~amazon-shopping~app-set-detail~article-detail-index~article-mix-detail~back-dialog-i~4bfee830.chunk.js":"190c702fffe71dad2dc2257face30a10","activity-dialog~app-comment-list~comment-reply~detail.chunk.js":"4cacf8a264ed90b9a88807b6d730c4ba","amazon-shopping.chunk.css":"1c113767f341ad11c99f5baa75a719cb","amazon-shopping.chunk.js":"4543314dcff216ed89b55b40ce170fae","amazon-shopping.html":"523dab3d421e5a06b196ddd827806143","amazon-shopping~cat-list~discover-index~game-index~rank~rank-new~zone.chunk.js":"01fcb96f9ca07257fae2cd951298e7d3","app-comment-list.chunk.css":"c6a483fa5cc850affba576053034ad53","app-comment-list.chunk.js":"511a7431542230226c6289836647b2d4","app-comment-list.html":"36e8581c235b6f89fd79d95d123bd2fc","app-comment-list~app-detail-more~essential-first~integral-special-task~integral-task-list~news-list~~227cfc43.chunk.css":"2a8e27aff10745b07a3b2c0b1c48146a","app-comment-list~app-detail-more~essential-first~integral-special-task~integral-task-list~news-list~~227cfc43.chunk.js":"4eb7885c1d63d39788739b9ad65074a6","app-comment-list~comment-reply~user-message.chunk.js":"a34a1f5e6e609466399482bba0e279d5","app-comment-list~detail.chunk.css":"41b94115f516e177b79fcfc4c32dff18","app-comment-list~detail.chunk.js":"817af0674f93fad1405a47d599cf3fe9","app-detail-more.chunk.css":"464d643d06359c604e44de063a987dbe","app-detail-more.chunk.js":"461fbc6369dafbb7b46669c9465d8ffb","app-detail-more.html":"a1a39a1b0fc199846ba8213d87c2d55a","app-index.chunk.js":"0746adfddc58e5f8857b08c34125067f","app-index.html":"677bd515f91cdf223d976a0d24e53e3d","app-set-detail.chunk.css":"dee980ace29ed28b2ec258e0b4bd2a5b","app-set-detail.chunk.js":"132b53f05f9851076d382b8447e66adb","app-set-detail.html":"45d962daaf61b9a112554ed28ca14c74","app-set-detail~article-mix-detail~cat-detail~cat-list~detail~discover-index~game-index~game-video~mi~1ce827b3.chunk.css":"b4a72e4e53c9b1f55b2f0729ebc3678d","app-set-detail~article-mix-detail~cat-detail~cat-list~detail~discover-index~game-index~game-video~mi~1ce827b3.chunk.js":"747eddca5042f4ee30861b88dd763d44","app-set-detail~cat-detail~cat-list~discover-index~game-index~rank~rank-list~rank-new~search-guide~zone.chunk.css":"134b39adf30ad90a693b6bd15cbb2a54","app-set-detail~cat-detail~cat-list~discover-index~game-index~rank~rank-list~rank-new~search-guide~zone.chunk.js":"70b9428660208755985edbc2a5daa2f6","appSetCollection.chunk.css":"eb0fc60d97e8857b81518cc862bb22e7","appSetCollection.chunk.js":"506102d7efcc6f8a2830956ee7805d4c","article-detail-index.chunk.css":"7078dcc79f6aa38be1dbfe9c3353f349","article-detail-index.chunk.js":"a75d35bf037b98d0f281150a61cb5ac3","article-detail-index.html":"95aa851a416ad14804a94dc017188d00","article-detail-index~article-mix-detail.chunk.css":"cf90ee572140e6bd1c2bf03db780c495","article-detail-index~article-mix-detail.chunk.js":"5ec1660a0486ae887845fc54f1c75556","article-mix-detail.chunk.css":"c9ddad62fbe73819231bbda5546c3f2c","article-mix-detail.chunk.js":"c8bcba86dbf424003ff30d8ed72dfee1","article-mix-detail.html":"94dfe4bcbc64961e36de9cd82a2df492","back-dialog-integral.chunk.css":"0f6ee7299c043a37b8004a7f50aa8e96","back-dialog-integral.chunk.js":"0c3fabbedfe29ee4b7284511db8dc846","back-dialog-integral.html":"072332fb2d7977d4389e301eee0d3df2","back-dialog-integral~daily-dialog-page.chunk.css":"c3d6c09777259aa61547bf7248c943a5","back-dialog-integral~daily-dialog-page.chunk.js":"dae0447a22034e82b0487f9ba34659c6","back-dialog-rec.chunk.css":"1b2f9ac8dc1e11fdd533699d8cc2473e","back-dialog-rec.chunk.js":"bdda5f044d007d9235407c024d0b47d5","back-dialog-rec.html":"8767679751457ff412aecdea1c0b307a","bc7fb99bd884bfe1d61c556ac41d926f.woff2":"bc7fb99bd884bfe1d61c556ac41d926f","cat-detail.chunk.css":"3e15f1eb7b59cc4a5d08c2932ac716cd","cat-detail.chunk.js":"d59c149a1834b8e514364f4dcccac491","cat-detail.html":"01329f26d958f768c043e0537d9e6a5d","cat-list.chunk.css":"8f76531374482586f8a425eaec986a3a","cat-list.chunk.js":"f6a0316ae1e209b291b46e26a8ab1f87","cat-list.html":"037776ab475d0d442b2c821108815a85","cb9e5e2153196301fe7029d450edad23.otf":"cb9e5e2153196301fe7029d450edad23","choose-language.chunk.css":"c8122c508afdafc62894cde77a3f0c79","choose-language.chunk.js":"2667a3965de64f3a8ac84418a8dc1c54","choose-language.html":"4b43a782b6f501766beb74fd48c0c7ad","collection-detail-index.chunk.css":"4ae969ae2f298b37812b79268d55aa6f","collection-detail-index.chunk.js":"5aa227ce063f2cb7a8be57454047d063","collection-detail-index.html":"b2abf453aec1b221d2761d3f55023ff4","collections-index.chunk.js":"f3667c45f94b27e7fd44f07d00dba59a","collections-index.html":"6eb3d5adf3925ee35f5cd64799d10f65","comment-reply.chunk.css":"4a07f97e57a81f1e627455682964a1a5","comment-reply.chunk.js":"f5bcf07801434b8ebb1bbc38b1074db1","comment-reply.html":"ad9e195a187b1287370dbb535f20fb13","commons.chunk.css":"f20a51497a2cddc1780a705f604771e3","commons.chunk.js":"c2b4dc54df6bd4278fbe164560d53951","corejs.chunk.js":"4090aad10adb0eab668dbe995ca534a7","daily-dialog-page.chunk.css":"11dc26256d075dc7bed10f84b4cac2b9","daily-dialog-page.chunk.js":"5ce5ac94178681ca9fbb324eb2158250","daily-dialog-page.html":"c610428a951b924bfa2d0dab9d18b9f8","detail.chunk.css":"01f4a20d3e20a351b81030d6dc2d68c2","detail.chunk.js":"8c296f153b38e463d7fe00c2312fb055","detail.html":"252c2f6e447ec23bca0b4092a5fa4d9e","dialog-activityDialogCheck.chunk.js":"dbe4d2297be8029e551a13b32442c2ce","dialog-authorizeDiscover.chunk.js":"4be5537c8e12bee278fcaf773ad6bf2b","dialog-dailyDialogPageCheck.chunk.js":"1f1303b7ad168d04d0a8cf8b86626abc","dialog-firstCDNPageCheck.chunk.js":"048768515d84e66f07bb5f9eb0667340","dialog-freeDownloadCheck.chunk.js":"e6fab3edf11b4a44fa4a2ba511c0d3c3","dialog-manualUpgrade.chunk.css":"f82aeeb66bda583f24aff46f068b644b","dialog-manualUpgrade.chunk.js":"fee0cb28e84b689e084ec8f312567ccc","dialog-mustplayPop.chunk.js":"3bfb7758868658d9a2b720efc37e365b","dialog-newUserInspire.chunk.js":"83c3c700f92607ef6c73d7b679321096","dialog-newuserEssential.chunk.js":"246c9c7d0a42b60a445409e462f3dc34","dialog-olduserRecall.chunk.css":"f82aeeb66bda583f24aff46f068b644b","dialog-olduserRecall.chunk.js":"c31a953d637386c4a53729b0f0069de5","discover-index.chunk.css":"988e8ac4cd95914d5bdabdb279362ead","discover-index.chunk.js":"36e6efe017bc694b235446639c7e2a78","discover-index.html":"edcfc3caf86fa5f083c019040d25852d","discover-index~game-index.chunk.css":"b4a677478873d48421b472a371766694","discover-index~game-index.chunk.js":"ecccd86dce1b669f54fc4b4cd83d49e9","essential-first.chunk.css":"da93657cc29299dbd15a7b8173a990d8","essential-first.chunk.js":"cf7dc0162977820240d6983e6be3cede","essential-first.html":"474505fe92c1ffd639fcc70ba389a26c","featured-list-index.chunk.js":"1acd70f0e030c08e1d43553b45ba7ebd","featured-list-index.html":"a52d892195fb945161d9bf4cca98cf6a","free-download.chunk.css":"b8ad857fe7deee0389972805e112535c","free-download.chunk.js":"4d217f28f516346d478e372cafd9048d","free-download.html":"15be3d3cde1318c41b0a476b4105a662","game-center-category.chunk.js":"8164ab97382cbbac82ec60541cd8c170","game-center-category.html":"cddc2744606b12355a41ff83c8b2d9e5","game-center-home.chunk.js":"e537f1b3a56e1290906543f1998795ee","game-center-home.html":"5baf3f35994a19544c87e1d2c27f074a","game-center-toplist.chunk.js":"f08e7d155cc9f85c57920f83057bcccc","game-center-toplist.html":"92fad3c9a957fc05bef068ecdcb2ea0d","game-hub.chunk.css":"687fb57af3561782db85825cc161ce00","game-hub.chunk.js":"cd985f33a283530f381f5c337eaa10f0","game-hub.html":"3268ffd92f7428f88a336371a063e047","game-index.chunk.css":"1d8df054280afb6261fa53ed71d588af","game-index.chunk.js":"d6373cddf0398863e94ab60765372ee9","game-index.html":"0ceeb0bb522645a6ad9eb752758197e5","game-video.chunk.css":"62542fe05c37edbfd98e2273da4b414b","game-video.chunk.js":"79ff4d699df7254d2fa0a8bd7e7fc949","game-video.html":"31727232ce90ee4d92a214d256b48895","guide-choose-language.chunk.css":"9382812d624e4611c432b8c122802a65","guide-choose-language.chunk.js":"2ef8576707ce4b799ea6c057cb341145","guide-choose-language.html":"c3d300d2d8712f92cc8451b1018e30b4","guide.chunk.css":"cf5d908819bccc23b87d35751017d4ad","guide.chunk.js":"abe83abedab57ae315b93a3bcb1f13be","guide.html":"632b050647018868227f257861ed865b","hotCategorys.chunk.css":"cf26e1a8392ffb24d2bcd23e11c80902","hotCategorys.chunk.js":"7418cb069a0acf77855e8b622373de64","hotSearch.chunk.css":"66a3eb9c285e80787f48ba38c66e0726","hotSearch.chunk.js":"686c24ac6b5fc0a005b6025f9b8919a7","i18n.chunk.js":"dcb213342c7b9c778e82850f918e6be4","img/0412f899d02eaf345be1bde1b680954d.png":"0412f899d02eaf345be1bde1b680954d","img/0e366b4188b482493a6a61cacabaffd5.png":"0e366b4188b482493a6a61cacabaffd5","img/14506c6acafad09e755deddb393f45aa.png":"14506c6acafad09e755deddb393f45aa","img/1741a0975f17826e899f3cec9aa01300.png":"1741a0975f17826e899f3cec9aa01300","img/1c74aaf429ab77938d0789f6b68078f1.png":"1c74aaf429ab77938d0789f6b68078f1","img/22d5a93acc7525e8c0cbe9a70d8b7dfa.png":"22d5a93acc7525e8c0cbe9a70d8b7dfa","img/356c8eb8fe148708d5526ff8c5ee110a.png":"356c8eb8fe148708d5526ff8c5ee110a","img/361473ff60dbe27f7a118d39c7a659e3.png":"361473ff60dbe27f7a118d39c7a659e3","img/38fc16f3e4c01ea881fad2b5725b07fe.jpg":"38fc16f3e4c01ea881fad2b5725b07fe","img/3e16344f79997dddd2c055a7c32712a8.png":"3e16344f79997dddd2c055a7c32712a8","img/4e8cdb2c1a2be3977b12c4f7cde47e6f.webp":"4e8cdb2c1a2be3977b12c4f7cde47e6f","img/4fff77fe84c0a22b1135a74214f5d202.png":"4fff77fe84c0a22b1135a74214f5d202","img/56b76e920eae1cd29fb64bd351f8b70d.png":"56b76e920eae1cd29fb64bd351f8b70d","img/57417a0488853f7b92d0c75eb70c6ec3.jpg":"57417a0488853f7b92d0c75eb70c6ec3","img/5837087ef0670c2d7a2b4f0fb4f5d08e.png":"5837087ef0670c2d7a2b4f0fb4f5d08e","img/5c528151403fbcfb1ca3ede96b8e31b0.png":"5c528151403fbcfb1ca3ede96b8e31b0","img/62b49e977455b5b3fdc69ee8f5959763.webp":"62b49e977455b5b3fdc69ee8f5959763","img/62df5a9d660fedf76dfbd4eab350e06b.jpg":"62df5a9d660fedf76dfbd4eab350e06b","img/6ebae1fd498bb3fcb986d4793e8b1c61.png":"6ebae1fd498bb3fcb986d4793e8b1c61","img/7394c6f22b004bfaa21800a2a8f1dbb4.webp":"7394c6f22b004bfaa21800a2a8f1dbb4","img/75c7ccd73ca996c88bff08447a379f67.png":"75c7ccd73ca996c88bff08447a379f67","img/7ac3ec07a10a406646142871848477bc.png":"7ac3ec07a10a406646142871848477bc","img/7deb0f88758981214ed42d500a938ae1.png":"7deb0f88758981214ed42d500a938ae1","img/7f577ba691c7f9d30aab3919ae81f000.png":"7f577ba691c7f9d30aab3919ae81f000","img/963e05c7fb09ddf276cae73b2c5db713.svg":"963e05c7fb09ddf276cae73b2c5db713","img/96a64464d77f527f38d082e3d80f9cc6.webp":"96a64464d77f527f38d082e3d80f9cc6","img/99bd702ee685fd95905a344d8b86a3d9.png":"99bd702ee685fd95905a344d8b86a3d9","img/a107c03bfb55bd8708fa9750dd9584ef.png":"a107c03bfb55bd8708fa9750dd9584ef","img/a1b6c8ba10f0dd186466639855bc36b7.png":"a1b6c8ba10f0dd186466639855bc36b7","img/b86136689fe7b8590d344b42ffa11de3.png":"b86136689fe7b8590d344b42ffa11de3","img/bdb5d1dd9745c35e04882bee4ef47c88.jpg":"bdb5d1dd9745c35e04882bee4ef47c88","img/c1dfb9ba608226f75ac5ca48dc2b4940.png":"c1dfb9ba608226f75ac5ca48dc2b4940","img/c7ef4532a2e6e715af2135c4d051f055.webp":"c7ef4532a2e6e715af2135c4d051f055","img/cbc9774a5933bbdcdefa6f586f231b38.png":"cbc9774a5933bbdcdefa6f586f231b38","img/ceed79acd2186c64d12e88fd413e9113.webp":"ceed79acd2186c64d12e88fd413e9113","img/d34f6fa2772a6606dda7ea11ef40c59a.png":"d34f6fa2772a6606dda7ea11ef40c59a","img/de2ae19ef3c7b83e6448b9d69464dbb8.jpg":"de2ae19ef3c7b83e6448b9d69464dbb8","img/df2b07df61cdac7700c62e27ee5b2e4f.webp":"df2b07df61cdac7700c62e27ee5b2e4f","img/dfff66e8fdade299cfb0a8f785bb70e8.png":"dfff66e8fdade299cfb0a8f785bb70e8","img/e2f440a70d2b578ccb2e4148058965f7.png":"e2f440a70d2b578ccb2e4148058965f7","img/ed5ab9fe25114d84b4a116dd9ad85bcd.png":"ed5ab9fe25114d84b4a116dd9ad85bcd","img/f10f1d2f63d5ec53b5e23777407ff8af.webp":"f10f1d2f63d5ec53b5e23777407ff8af","integral/4aa7508024faa6a44b37a8913e51b84c.ttf":"4aa7508024faa6a44b37a8913e51b84c","integral/5faa12619eb40b5dc8fb08922bf76263.svg":"5faa12619eb40b5dc8fb08922bf76263","integral/89df7500ec93a32a7d94cf2fb3ef9e5b.svg":"89df7500ec93a32a7d94cf2fb3ef9e5b","integral/8a322e93f834c2246a9ca55b8074cec5.ttf":"8a322e93f834c2246a9ca55b8074cec5","integral/963e05c7fb09ddf276cae73b2c5db713.svg":"963e05c7fb09ddf276cae73b2c5db713","integral/a81aeaf5787cce11c9e781e4bf4c6b34.woff":"a81aeaf5787cce11c9e781e4bf4c6b34","integral/acfc9e748876e2a0cc4006098078f5bd.eot":"acfc9e748876e2a0cc4006098078f5bd","integral/b40d75d67f32065d4d35622b17b5a7ea.svg":"b40d75d67f32065d4d35622b17b5a7ea","integral/bc7fb99bd884bfe1d61c556ac41d926f.woff2":"bc7fb99bd884bfe1d61c556ac41d926f","integral/c99534f17b95a2486ff55e4e056ee168.svg":"c99534f17b95a2486ff55e4e056ee168","integral/integral-global/all-prize.html":"8750203e8e60c04c2a8bac8d4022d255","integral/integral-global/cash.html":"d81a96e08b9d1813a33ebf0119f5d375","integral/integral-global/history.html":"93c6d06ef7949c1c4876b2d49143a8d7","integral/integral-global/index.html":"25df6886ee74901a6c938ca39006a8c2","integral/integral-global/integral-dialog-page.html":"65d4277961efdf393bd59abe95a2efdd","integral/integral-global/integral-share-dialog.html":"0ac0204b18e22a1e5539ed52255f3751","integral/integral-global/integral-special-task.html":"dafeab2a5a68ee8e69dc58c6a283df68","integral/integral-global/integral-video-dialog.html":"fe06e9ca8d7713cdf3d05ff74e109b5c","integral/integral-global/my-prize.html":"587f5ba40421ff68a95582980bc1f117","integral/integral-global/prize-detail.html":"db1776ef0f7f5f663276cf894d571153","integral/integral-global/rule.html":"96fab0d96bdc7ec89077d2494384839d","integral/integral-global/task-detail.html":"1f0960e4958ae2a05171452235c2c21b","integral/integral-global/video-task.html":"e5e1bd887baf1e386e8f937d9482fb76","integral/integral-global/withdraw-result.html":"87bc379c3d3b6fc2faa200de698b6f4b","integral/nile-coms/dialog-activityDialogCheck.chunk.6b55a071d1c135ad95d0.js":"c1d8ac1f221d1ff2a46d3c0d01f47b9e","integral/nile-coms/dialog-authorizeDiscover.chunk.20680e576c26038c1e27.js":"d7c1334e39e06f6cfaf6436c9c4f90c9","integral/nile-coms/dialog-dailyDialogPageCheck.chunk.a025fea8937b55641180.js":"abcd4d6a94a6095aaf95de0785f577f3","integral/nile-coms/dialog-firstCDNPageCheck.chunk.7633b4ca6bd1a285481e.js":"4b19c019e6694e9886acc0c99c663216","integral/nile-coms/dialog-freeDownloadCheck.chunk.ae3e795cc0eb2c041f51.js":"c0d2cb759a2a596c079384ec0da5136a","integral/nile-coms/dialog-manualUpgrade.chunk.dc714a8ae070e4509dc2.js":"ac65f1ee4ddab738dee14b9a32de502e","integral/nile-coms/dialog-manualUpgrade~dialog-olduserRecall.chunk.a77f80e227ea02b076aa.css":"e1a9486f40eb684354dc282c8a1504b1","integral/nile-coms/dialog-manualUpgrade~dialog-olduserRecall.chunk.c66f582cb436569d6d7d.js":"c93e905fe8156ee4c8b8a06e6f7b187a","integral/nile-coms/dialog-mustplayPop.chunk.c074cf4bdce67527a5e8.js":"d8b9c4def123f1e438997dd2929c95a1","integral/nile-coms/dialog-newUserInspire.chunk.be0047106b6138c79a3d.js":"2428ff80509dc2ea610ca108457f00a6","integral/nile-coms/dialog-newuserEssential.chunk.5efee80a43c50698f529.js":"a8f92b0554c3be50fd9da580c0d2e432","integral/nile-coms/dialog-olduserRecall.chunk.9c226d2a2917ba1f10e3.js":"4d3b45c0114c12291edb977dd85c103a","integral/nile-coms/i18n.chunk.73148c72c9e84a877599.js":"3c930ac1af6faa30d41f9ad96d151254","integral/nile-coms/integral-global/all-prize.chunk.a25d8b9438c968ab20c9.js":"ccfe07e76421b902553f7eb4095235a1","integral/nile-coms/integral-global/all-prize.chunk.be358ab94324233cdac2.css":"0ad5b7ef95e6a55bfc16eff9fcefa93f","integral/nile-coms/integral-global/all-prize~integral-global/cash~integral-global/history~integral-global/index~integra~71307aa9.chunk.cf8a97004972083ef939.js":"1e13e6c603b21cc83e83916f1c576045","integral/nile-coms/integral-global/cash.chunk.3c19f2b75dc4f278770d.js":"0cd17a2da40d54fcf67b03d7cef8292d","integral/nile-coms/integral-global/cash.chunk.5b1d7c42b97314ccc1ee.css":"3fb7bb48c55c0d46edb79781179e7e00","integral/nile-coms/integral-global/history.chunk.62c53f3e88c355271fb4.js":"68b9f68b27b5b8f1103655928dc44e63","integral/nile-coms/integral-global/history.chunk.77c9e25e6e40ba0fcd79.css":"1654574ab9b4b123912a606be7067fbc","integral/nile-coms/integral-global/index.chunk.31401d0cd616f068a82e.css":"d6da95edcdbb7a2d9ea73f22220b8737","integral/nile-coms/integral-global/index.chunk.fdd5e50c2e99c63a3b7c.js":"b1bdb5ff783a45adeb3a74ff883f0713","integral/nile-coms/integral-global/integral-dialog-page.chunk.273a5f592177d333c45c.js":"9e8b6b0c24a70c6ca5007b25d29116de","integral/nile-coms/integral-global/integral-dialog-page.chunk.4425ba8b727259597219.css":"a2d408674e9418d689f3244c1c5b3aa5","integral/nile-coms/integral-global/integral-share-dialog.chunk.283db2d2d666203f6671.css":"59ed7f022b4f8a8e9ece1f6c9adc3b91","integral/nile-coms/integral-global/integral-share-dialog.chunk.a200127c70afcc1c05f0.js":"eb2d768fe605a42dd410066c95b0a3a2","integral/nile-coms/integral-global/integral-special-task.chunk.7b40c927fa88a385ee1a.css":"01955420a23314cf23fd95947d52425b","integral/nile-coms/integral-global/integral-special-task.chunk.f26848733ebf7f7afd0d.js":"767ba6b51cb42d3b31f87a7f04c563e9","integral/nile-coms/integral-global/integral-video-dialog.chunk.463d595cf52e943c4731.js":"4bf35991e0888855e5cfa40730ebaadd","integral/nile-coms/integral-global/integral-video-dialog.chunk.ad3ce4bc81db3104ff2e.css":"b2b3fec11525295757029b9da0ebb065","integral/nile-coms/integral-global/my-prize.chunk.128ecac9616c01b75e1c.js":"2da028da216bedcc976d1607b7be1b73","integral/nile-coms/integral-global/my-prize.chunk.90da057f699be5d52b6b.css":"c809e42fb8d56139d671fc52ee67cede","integral/nile-coms/integral-global/prize-detail.chunk.6e87782df11d54340001.css":"4a3e2efc58c4d431376536cac46bdca0","integral/nile-coms/integral-global/prize-detail.chunk.9e33039d1d19558e7be7.js":"2eec9a4d135e1c6e01ad03e85977f0c3","integral/nile-coms/integral-global/rule.chunk.21c9f158d2f084c2a996.css":"051189d8aa9e7c18a8aaafc41c5b56fa","integral/nile-coms/integral-global/rule.chunk.8d7d107850cb9f1ee590.js":"94e7c4941c16d10071aa0c63bd7fdce7","integral/nile-coms/integral-global/task-detail.chunk.95f1d5357733d393a1f9.js":"51c5bde89b7c2874ddebafc85d0a07d6","integral/nile-coms/integral-global/task-detail.chunk.f6ab87d93486dfd83221.css":"3318bcb8d388e0c7482b723d314b07ad","integral/nile-coms/integral-global/video-task.chunk.9cadbf8093c983c2e57d.css":"87ec516e3a1383a094134b303dbc98f2","integral/nile-coms/integral-global/video-task.chunk.a1084e041c0766e9f3f2.js":"46fdf524c98dabdb004e19ec2c757b43","integral/nile-coms/integral-global/withdraw-result.chunk.294f3db5a92601e695a9.css":"8a463d4c42960b33ca3bbad9d860d0af","integral/nile-coms/integral-global/withdraw-result.chunk.b471a568648d67f6bcf1.js":"4583a862c5480a815574f0701e639865","integral/nile-coms/vendor.chunk.1fe39f617380732099dc.js":"a788acaeb249e5c055caa8f59616ba01","integral/nile-coms/vueVendor.chunk.8a1b9441e2094b02fb14.css":"b5761aceca75db5841f347e00bb45e63","integral/nile-coms/vueVendor.chunk.f488df476b661bf1f05b.js":"ce9fec1a6883cfde78f9d4fe5840b8e2","integral/nile-static/0e366b4188b482493a6a61cacabaffd5.png":"0e366b4188b482493a6a61cacabaffd5","integral/nile-static/10ddc3639b4c2a7fea135aec9e1ab129.png":"10ddc3639b4c2a7fea135aec9e1ab129","integral/nile-static/3e16344f79997dddd2c055a7c32712a8.png":"3e16344f79997dddd2c055a7c32712a8","integral/nile-static/4476eceb4dabfd0a55d5f03395829249.png":"4476eceb4dabfd0a55d5f03395829249","integral/nile-static/4fff77fe84c0a22b1135a74214f5d202.png":"4fff77fe84c0a22b1135a74214f5d202","integral/nile-static/7f577ba691c7f9d30aab3919ae81f000.png":"7f577ba691c7f9d30aab3919ae81f000","integral/nile-static/a107c03bfb55bd8708fa9750dd9584ef.png":"a107c03bfb55bd8708fa9750dd9584ef","integral/nile-static/bca488ae8240de3d244caba09378b712.png":"bca488ae8240de3d244caba09378b712","integral/nile-static/c1dfb9ba608226f75ac5ca48dc2b4940.png":"c1dfb9ba608226f75ac5ca48dc2b4940","integral/nile-static/e253ab2340593537cbdf7df44773d233.png":"e253ab2340593537cbdf7df44773d233","integral/nile-static/f1f105dd9182416a5579c8f57a65de13.png":"f1f105dd9182416a5579c8f57a65de13","integral/nile-static/f5735fe08d296697b04e30b511cbd085.png":"f5735fe08d296697b04e30b511cbd085","integral/nile-static/faa2f112b003ce5ac5660d0fe060532f.png":"faa2f112b003ce5ac5660d0fe060532f","integral/runtime.26228ddad6734e7f623a.js":"cb9f982180e3d55fe39de04084c5ea58","integral-checkin-page.chunk.css":"29843106d8aa00ff1332118141b9404a","integral-checkin-page.chunk.js":"b0eda61d0d8bd96c6ded9a33d8d41bc0","integral-checkin-page.html":"1efa9ada432060b2ed49a617e74370c8","integral-checkin-page~integral-special-task.chunk.js":"c6380a5fbb8d388c9b945d677a8af320","integral-special-task.chunk.css":"5b79c78dafcbc130894cb18cd230dcd3","integral-special-task.chunk.js":"76316090eb8360bc1b77c2145e162ebe","integral-special-task.html":"7f391a3b09cd8586bb60ce7d36da1e9c","integral-task-list.chunk.css":"b560b77ff75c1ba2781c79d90f60f4a7","integral-task-list.chunk.js":"ef846fc1f42e2f39bf6c5698add1ec6f","integral-task-list.html":"dee06117ef285c9fc80d449fd007c749","language-list.chunk.css":"8a2404ded751ce551c86da31d25db98f","language-list.chunk.js":"aa7d70635c8491fc5da71708a62a4e1a","language-list.html":"9bb97a2c6973e10a6e51761538117ba2","language-list~newuser-choose-language.chunk.css":"79852289137fb772750cdd2445c118d9","language-list~newuser-choose-language.chunk.js":"062f3b570f58d5cbd5fed9894062b1fc","local-content-list-index.chunk.js":"f7d9e02a90c52d428e601410268543da","local-content-list-index.html":"61c27e2717e5242cb85faaf06c39c5c3","manifest.js":"12538e30982fe5a5d93daf57d57c405d","menu.chunk.css":"068e19cfd3539bfdc3ae5811d500c965","menu.chunk.js":"73d4b3a16285f397af607416710bf6d1","mi.chunk.js":"09252c6bda16583900394ae886cd8fe6","mine.chunk.css":"0c313b28e05ab7ac559570e5436388f3","mine.chunk.js":"8c8f4970f242d55ba97a0eba826766b0","mine.html":"d052350c3b8a7b071e49bd601c847e31","minglelist.chunk.css":"c36015ff06834136f0a78ffa89ec743d","minglelist.chunk.js":"de0b9e77a6570e10e1a8c3f819ed6906","multiIntlTopApps.chunk.css":"d50dec7028a9178496352974ba572a4f","multiIntlTopApps.chunk.js":"a886e4b403f2c232a0cc83862b808c9a","multiIntlVerticalApps.chunk.css":"8abfb9181e1f2dccc0266d52b13ea5a2","multiIntlVerticalApps.chunk.js":"2bac58fa52ed3846c114e65119d88f60","must-play.chunk.css":"c5b720c9ba819fe06dcc33c6985b87d4","must-play.chunk.js":"b9efcf488832411f1312bb1a1fbf2920","must-play.html":"d8a4b25f93e33c2dceeb2a14033f419f","news-list.chunk.css":"02031696618a8fdf97896340e14fdac5","news-list.chunk.js":"e78643f22628ca274d70b1b5c5aab5f7","news-list.html":"99be1e7a2298e820622c9d85808b8651","newuser-choose-language.chunk.css":"13bd8b9d8ba58e152ffcb2effa72e8fc","newuser-choose-language.chunk.js":"2a9c4ce338d160d2172ca437e990fd67","newuser-choose-language.html":"bb1eca720b48730bdbd3d5aa0f41d438","newuser-essential.chunk.css":"3cc230a5a747a75e412aaa4d486168ec","newuser-essential.chunk.js":"cceea208ca27c3086506e1540577e945","newuser-essential.html":"25fa4d679009897526e6f077ab7f1a0f","newuser-essential~olduser-recall.chunk.css":"7cf45c871486e36ca92b3f4155140384","newuser-essential~olduser-recall.chunk.js":"8125a97c334379ab71733157f00e8630","newuser-inspire.chunk.css":"6522e09774d954403b476824cebf6750","newuser-inspire.chunk.js":"84c801095980083ec349c836d9cc64ba","newuser-inspire.html":"5c61218fbdf3b17d9ad9ae0d123bbe40","olduser-back-dialog.chunk.css":"bf934248dd91fe2ceef16bb7ec48ca6e","olduser-back-dialog.chunk.js":"8e5f885755b3ae5aa672cc231f7f22b5","olduser-back-dialog.html":"c9821b84d2cb4c9a7d3f3c46531d3813","olduser-recall.chunk.css":"d48aa192e247a4436c576bf07ffb41d2","olduser-recall.chunk.js":"a21359d7bea874406d8d3906900d027e","olduser-recall.html":"0aed1e7cc62810221cfaf148669c09fb","posterApps.chunk.css":"715d4b685071e35dc874c4e614e77d53","posterApps.chunk.js":"f5463d5597379eda6d1ee6ddff58f94b","rank-list.chunk.css":"6239c99d1def66216047b6eb0289597e","rank-list.chunk.js":"77fe0c61509cf6c79975ef8dde9b19c8","rank-list.html":"3eea224f48d29e3983e999841623b9c5","rank-new.chunk.css":"09fc58fe112a32a1a29291873e8a63b2","rank-new.chunk.js":"1ddc5f9ffd21cca90fba22699ed3d712","rank-new.html":"0740732622e8930688b14b202e569592","rank.chunk.css":"e96c4d2672950ce595fa82c3dea93e40","rank.chunk.js":"5fdf1f2094914c33cf27a027e7b1deb6","rank.html":"a3dd36b75d3548b786197e2c50a7de54","recPicture.chunk.css":"8cbbe3fea2d277686d8c35b5ad52456b","recPicture.chunk.js":"f5b111576f45d8803b6051df6cea8978","recZone.chunk.css":"4cdbc3da18425102f3abd37b9949c4ee","recZone.chunk.js":"365035fde2cebf200b164c9c8e7b30d3","review-list.chunk.css":"e7ce9057adc2f879e7c4c6595310b5e7","review-list.chunk.js":"d010210c9792273d9c7332b0facacf1f","review-list.html":"cf56e2f23672e151f624d86af29b7697","review-list~subject-list.chunk.css":"9c0185733b589901b8cb152b22c37194","review-list~subject-list.chunk.js":"377188ab3370799d25cd861865652d65","search-guide.chunk.css":"327e7e89337c23a0a7da0e24c654d2e0","search-guide.chunk.js":"baec07dcba2ca14be781ce5a02e87018","search-guide.html":"a3f003ef6a15335d999ca4d8b00ca318","secondary-stay-detail.chunk.css":"cef9221e291896ae0a4256f0dffd4c33","secondary-stay-detail.chunk.js":"6154b68d1c9b2f7d36e0885b0df5b6cb","secondary-stay-detail.html":"074294f9eba313b5bab796c3bae00906","secondary-stay-dialog.chunk.css":"dd6ad6ae78c822bfba6ae62bfef0d71c","secondary-stay-dialog.chunk.js":"2929f71d867d57c59aac8153f6fefaae","secondary-stay-dialog.html":"650c6e8be6567bb90f7731430eb05d7c","subject-list.chunk.css":"e7ce9057adc2f879e7c4c6595310b5e7","subject-list.chunk.js":"fb5f55f64eaea2014ba6d506c250e13f","subject-list.html":"516ad50ec31a1bcc0bca38583cf83279","subjectlist.chunk.css":"33e7216a0f5516920109a86de3f802b5","subjectlist.chunk.js":"db59852b2ddf7876eb12d59fa940a51a","user-interest.chunk.css":"f29b5d316dfad960925ef512829a5193","user-interest.chunk.js":"d14a6bc82ebe1afe21d2ad2843b7039f","user-interest.html":"7a45237d7abe080c2c1cb3c5e1f268c5","user-message.chunk.css":"55ef550b9eca2c7c4a12431455173982","user-message.chunk.js":"b5825e4676c9c4379c1551110ba0588f","user-message.html":"93695f7e55ebdab52229b96aa6b85085","vendors~app-set-detail.chunk.js":"80320c61f8ac65b987818966907fbd9d","vendors~mine.chunk.js":"70ef2f2d0b16d95a9cd7ed5dc028ea60","video/330e787da0b27f173578d94b141b2f91.mp4":"330e787da0b27f173578d94b141b2f91","video/6d452f7c5c290d12e88956e3c9b0f319.mp4":"6d452f7c5c290d12e88956e3c9b0f319","video/acd6af79184451eeae08919056a41dd0.mp4":"acd6af79184451eeae08919056a41dd0","video/bf1f906927906b6fc7e9eaa28caa5991.mp4":"bf1f906927906b6fc7e9eaa28caa5991","vueComponent.chunk.css":"e6f3d6c030a2e0a3d14a03832364fe61","vueComponent.chunk.js":"e1d62d531329ddd9ef7e56025195ef07","vueVendor.chunk.css":"fcdd11e980e5ce661fee5f65ba75386f","vueVendor.chunk.js":"831257fa4e76cabf386f8bb1a514542d","zepto.chunk.js":"f896e9721499bf849a3b2a4ad528da30","zone.chunk.js":"5bd814256bbbbcabec14f66c19183274","zone.html":"3a14af4621f81d6eda9fc8d808f338b7"}