{"configs_key":{"abFetchInterval":"8","abKeyList":"[\"preDownloadV2\",\"progress_ui_type\",\"isNotifyFloatBig\",\"enableDohFastDns\",\"enableDohAsyncPoll\"]","adRetryRequest":"500,501,502,503,504,505,506,507,508,509,510,511,400,401,402,403,404,405,406,407,408","appchooserButtonStyle":"0","appchooserSetDefaultGetApps":"false","appchooserSetDefaultRemember":"false","appchooser_appinfo_loading_time":"9000","appchooser_view_type":"2","cacheGetAppsAppInfoExpireTime":"172800000","clearDefaultMarketMaxCount":"2","collectHashIssueInfo":"true","debugMePageSlideTime":"1000","detailRecType":"3","devTrackNetworkV2":"true","devTrackNetworkV3":"false","devUsePreConn":"false","disableForeServiceFor12And9":"true","discoverAutoUpdateDefault":"true","dohDataAnalysisSampleRatio":"0.0001","dupTrackType":"page_exposure","enableCheckUpdatePkgs":"com.xiaomi.discover,com.android.browser,com.mi.globalbrowser","enableCollectPageStart":"false","enableCrashStat":"false","enableDefaultMarketByCold":"true","enableDetailVideoCard":"true","enableDohFastDns":"true","enableImmerseStyle":"false","enableMincardTacer":"true","enableMiniCardNetStat":"true","enableSelfDns":"false","enableSelfDnsRetry":"false","enableSelfDnsRetryV2":"true","enableSelfDnsV2":"false","enableSubEntranceOfMine":"false","enableTimingBugReport":"false","enableTrackHotWordDevEvent":"true","enableTrackNotificationSwitch":"false","enableVideoCardAnim":"true","enableWebTouchCheck":"true","enable_debug_service":"false","exchangePkgRequestInterval":"1","forceAndroidObbDir":"true","gameCacheExpireTime":"-1","getInstallReferrer":"[\"com.hide.photos\",\"com.mintgames.triplecrush.tile.fun\"]","integralHourSampleRatio":"0","isDetailNative":"true","isSearchNative":"true","isSearchPreloadOpen":"true","loadHomeCacheInterval":"8223372036854775807","maxShowSizeCollapse":"4","miniCardDefStyle":"detailinner","miniCardNoRecList":"[\"com.facebook.lite\",\"com.facebook.katana\",\"com.weegoon.thiefpuzzle\",\"com.read.goodnovel\",\"com.starmakerinteractive.starmaker\",\"com.ticno.olymptrade\"]","miniCardOfflineDownload":"miAds_1_1,mi_minicard,miAds_1_2,DELIVERY_AUTO%,miui_AUTO_com.mi.globalbrowser,global_wallpaper_carousel,yd_directref,yd_directfloat,gtmvp_direct,kachishop_direct,gameu_direct,notification_mp_push_detail%,glance_direct_ref,shareit_direct,shareit_direct_bottom","miniCardOfflineDownloadValidHour":"[{\"ref\":\"mi_minicard\",\"validHour\":12},{\"ref\":\"miAds_1_1\",\"validHour\":12}]","miniCardPauseWeakTime":"3000","offlineTypeReload":"true","optimizedSelfUpdateTimeInterval":"86400000","outsideInstallNotificationIntervalHours":"0","recallDialogAppearInterval":"5","recallDialogDataWaitTime":"2000","requestProxyTime":"4000","selfUpdateSuccessExpireTime":"86400000","showCardInstallBtn":"false","showCommentInstallBtn":"false","showMeTabRedDotOnce":"true","smart_progress_config":"{}","sortedByUsage":"true","useNewDetailPage":"true","useNewSelfUpdateSystem":"true"},"fetch_time_key":1698246407482,"abt_experiments_key":[],"personalization_metadata_key":{}}