{"Fid":"cYxI6mxkRsyhAbcgyq6C0U","Status":3,"AuthToken":"eyJhbGciOiJFUzI1NiIsInR5cCI6IkpXVCJ9.eyJhcHBJZCI6IjE6MTAwMzg4MDgxMjUwNjphbmRyb2lkOjFjYzAzNWQ4ZGJiODA0ZDIzOGJhZTMiLCJleHAiOjE2OTg3ODM5OTQsImZpZCI6ImNZeEk2bXhrUnN5aEFiY2d5cTZDMFUiLCJwcm9qZWN0TnVtYmVyIjoxMDAzODgwODEyNTA2fQ.AB2LPV8wRQIhAKb7NJ13U5S9cEh4vWnb9cOHhpUDCzvIZl2zg1NSvoPYAiByehDBagR7kCwiPkzqErNXw7IBJQe-I4QbfVBC51ziyA","RefreshToken":"3_AS3qfwKihtRiY1lDAwHRQoUOEW441LgOMwJGOuqY21mF4v7LLQLhQSC0NaICkRkRTWEIy6Lp9ODonoOi4qDkRxp_vXRl5k9PcqpCrHX9fX4Jks8","TokenCreationEpochInSecs":1698179195,"ExpiresInSecs":604800}